custom_int_2,custom_string_1
80267,askme_question
80266,askme_question
80258,third_party_donation
80250,askme_question
80416,askme_question
80237,askme_question
80244,askme_question
80240,askme_question
80231,askme_question
80235,askme_question
80242,askme_question
80339,third_party_donation
80348,askme_question
80338,third_party_donation
80340,askme_question
80346,askme_question
80394,third_party_donation
80399,askme_question
80392,third_party_donation
80400,askme_question
80389,askme_question
80162,third_party_donation
80161,third_party_donation
80160,askme_question
80159,askme_question
80386,third_party_donation
80393,third_party_donation
80385,askme_question
80395,third_party_donation
80388,askme_question
80377,third_party_donation
80387,third_party_donation
80390,askme_question
80223,askme_question
80226,askme_question
80225,askme_question
80285,askme_question
80282,askme_question
80130,askme_question
80284,askme_question
80148,askme_question
80149,askme_question
80301,askme_question
80304,askme_question
80212,askme_question
80211,askme_question
80207,askme_question
80219,askme_question
80210,askme_question
80112,askme_question
80275,askme_question
80308,askme_question
80179,third_party_donation
80180,askme_question
80183,askme_question
80181,askme_question
80173,askme_question
80114,askme_question
80370,third_party_donation
80382,third_party_donation
80383,third_party_donation
80371,third_party_donation
80376,third_party_donation
80373,askme_question
80372,askme_question
80374,askme_question
80379,third_party_donation
80381,third_party_donation
80380,askme_question
80375,askme_question
80302,askme_question
80303,askme_question
80368,askme_question
80234,askme_question
80230,askme_question
80227,askme_question
80236,askme_question
80224,askme_question
80350,askme_question
80349,askme_question
80153,askme_question
80150,askme_question
80151,askme_question
80249,third_party_donation
80261,third_party_donation
80246,askme_question
80262,third_party_donation
80263,third_party_donation
80252,askme_question
80265,askme_question
80259,askme_question
80247,askme_question
80255,third_party_donation
80256,askme_question
80248,askme_question
80253,askme_question
80286,askme_question
80289,askme_question
80287,askme_question
80321,askme_question
80324,third_party_donation
80323,askme_question
80319,askme_question
80317,askme_question
80312,askme_question
80313,askme_question
80418,third_party_donation
80409,askme_question
80419,third_party_donation
80417,askme_question
80410,askme_question
80403,askme_question
80300,askme_question
80298,askme_question
80134,askme_question
80193,askme_question
80201,askme_question
80200,askme_question
80202,third_party_donation
80187,askme_question
80189,askme_question
80199,third_party_donation
80167,askme_question
80166,askme_question
80169,askme_question
80171,askme_question
80168,askme_question
80164,third_party_donation
80165,askme_question
80305,askme_question
80307,askme_question
80295,askme_question
80326,askme_question
80328,askme_question
80330,askme_question
80331,askme_question
80334,askme_question
80327,askme_question
80104,askme_question
80276,third_party_donation
80268,askme_question
80272,askme_question
80292,askme_question
80290,askme_question
80337,askme_question
80336,askme_question
